_from;_to;Type
CLI_CLA_ARC_MEP_01;CLI_MEP_ALL_400_01;ContainsModel
CLI_CLA_ARC_MEP_01;CLI_ARC_ALL_400_01;ContainsModel
CLI_CLA_ARC_MEP_02;CLI_ARC_ALL_400_02;ContainsModel
CLI_CLA_ARC_MEP_02;CLI_ELE_ALL_400_01;ContainsModel
CLI_CLA_ARC_MEP_02;CLI_HVA_ALL_400_01;ContainsModel
CLI_CLA_ARC_MEP_02;CLI_PLU_ALL_400_01;ContainsModel
CLI_CLA_ARC_MEP_03;CLI_ARC_ALL_400_03;ContainsModel
CLI_CLA_ARC_MEP_03;CLI_ELE_ALL_400_02;ContainsModel
CLI_CLA_ARC_MEP_03;CLI_HVA_ALL_400_02;ContainsModel
CLI_CLA_ARC_MEP_03;CLI_PLU_ALL_400_02;ContainsModel
CLI_CLA_ARC_MEP_04;CLI_ARC_ALL_400_04;ContainsModel
CLI_CLA_ARC_MEP_04;CLI_ELE_ALL_400_03;ContainsModel
CLI_CLA_ARC_MEP_04;CLI_HVA_ALL_400_03;ContainsModel
CLI_CLA_ARC_MEP_04;CLI_PLU_ALL_400_03;ContainsModel
CLI_CLA_ARC_STR_01;CLI_ARC_ALL_400_01;ContainsModel
CLI_CLA_ARC_STR_01;CLI_STR_ALL_400_01;ContainsModel
CLI_CLA_ARC_STR_02;CLI_ARC_ALL_400_02;ContainsModel
CLI_CLA_ARC_STR_02;CLI_STR_ALL_400_02;ContainsModel
CLI_CLA_ARC_STR_03;CLI_ARC_ALL_400_03;ContainsModel
CLI_CLA_ARC_STR_03;CLI_STR_ALL_400_03;ContainsModel
CLI_CLA_ARC_STR_04;CLI_ARC_ALL_400_04;ContainsModel
CLI_CLA_ARC_STR_04;CLI_STR_ALL_400_04;ContainsModel
CLI_ARC_ALL_400_01;CLI_ARC_ALL_400_02;HasNext
CLI_ARC_ALL_400_02;CLI_ARC_ALL_400_03;HasNext
CLI_ARC_ALL_400_03;CLI_ARC_ALL_400_04;HasNext
CLI_ARC_ALL_400_04;CLI_ARC_ALL_400_05;HasNext
CLI_ARC_ALL_400_05;CLI_ARC_ALL_400_06;HasNext
CLI_ARC_ALL_400_06;CLI_ARC_ALL_400_07;HasNext
CLI_ARC_ALL_400_07;CLI_ARC_ALL_400_08;HasNext
CLI_MEP_ALL_400_01;CLI_ELE_ALL_400_01;HasNext
CLI_ELE_ALL_400_01;CLI_ELE_ALL_400_02;HasNext
CLI_ELE_ALL_400_02;CLI_ELE_ALL_400_03;HasNext
CLI_ELE_ALL_400_03;CLI_ELE_ALL_400_04;HasNext
CLI_ELE_ALL_400_04;CLI_ELE_ALL_400_05;HasNext
CLI_ELE_ALL_400_05;CLI_ELE_ALL_400_06;HasNext
CLI_ELE_ALL_400_06;CLI_ELE_ALL_400_07;HasNext
CLI_MEP_ALL_400_01;CLI_HVA_ALL_400_01;HasNext
CLI_HVA_ALL_400_01;CLI_HVA_ALL_400_02;HasNext
CLI_HVA_ALL_400_02;CLI_HVA_ALL_400_03;HasNext
CLI_HVA_ALL_400_03;CLI_HVA_ALL_400_04;HasNext
CLI_HVA_ALL_400_04;CLI_HVA_ALL_400_05;HasNext
CLI_HVA_ALL_400_05;CLI_HVA_ALL_400_06;HasNext
CLI_HVA_ALL_400_06;CLI_HVA_ALL_400_07;HasNext
CLI_MEP_ALL_400_01;CLI_PLU_ALL_400_01;HasNext
CLI_PLU_ALL_400_01;CLI_PLU_ALL_400_02;HasNext
CLI_PLU_ALL_400_02;CLI_PLU_ALL_400_03;HasNext
CLI_PLU_ALL_400_03;CLI_PLU_ALL_400_04;HasNext
CLI_PLU_ALL_400_04;CLI_PLU_ALL_400_05;HasNext
CLI_PLU_ALL_400_05;CLI_PLU_ALL_400_06;HasNext
CLI_PLU_ALL_400_06;CLI_PLU_ALL_400_07;HasNext
CLI_ARC_FP_00_01;CLI_ARC_FP_00_02;HasNext
CLI_ARC_FP_01_01;CLI_ARC_FP_01_02;HasNext
CLI_ARC_FP_02_01;CLI_ARC_FP_02_02;HasNext
CLI_ARC_EL_SS_01;CLI_ARC_EL_SS_02;HasNext
CLI_ARC_EL_EE_01;CLI_ARC_EL_EE_02;HasNext
CLI_ARC_EL_WW_01;CLI_ARC_EL_WW_02;HasNext
CLI_ARC_EL_NN_01;CLI_ARC_EL_NN_02;HasNext
CLI_ARC_FP_01_02;CLI_ARC_FP_01_03;HasNext
CLI_ARC_FP_02_02;CLI_ARC_FP_02_03;HasNext
CLI_ARC_EL_EE_02;CLI_ARC_EL_EE_03;HasNext
CLI_ARC_EL_WW_02;CLI_ARC_EL_WW_03;HasNext
CLI_ARC_EL_NN_02;CLI_ARC_EL_NN_03;HasNext
CLI_ARC_FP_02_03;CLI_ARC_FP_02_04;HasNext
CLI_MEP_FP_00_01;CLI_MEP_FP_00_02;HasNext
CLI_MEP_FP_01_01;CLI_MEP_FP_01_02;HasNext
CLI_MEP_FP_02_01;CLI_MEP_FP_02_02;HasNext
CLI_MEP_FP_01_02;CLI_MEP_FP_01_03;HasNext
CLI_MEP_FP_02_02;CLI_MEP_FP_02_03;HasNext
CLI_MEP_FP_02_03;CLI_MEP_FP_02_04;HasNext